City,Cloudiness,Country,Date,Humidity,Latitude,Longitude,Max Temp,Wind Speed
chokurdakh,1.0,RU,1592842867.0,65.0,70.63,147.92,43.02,13.13
saint george,1.0,US,1592842868.0,14.0,37.1,-113.58,87.01,5.82
tumpat,40.0,MY,1592842868.0,94.0,6.2,102.17,77.0,2.24
hobart,90.0,AU,1592842731.0,93.0,-42.88,147.33,55.99,6.93
byron bay,0.0,AU,1592842868.0,66.0,-28.65,153.62,52.0,6.93
avarua,0.0,CK,1592842569.0,69.0,-21.21,-159.78,73.4,13.87
albany,0.0,US,1592842849.0,48.0,42.6,-73.97,88.0,3.42
khatanga,94.0,RU,1592842868.0,50.0,71.97,102.5,66.87,12.33
gizo,86.0,SB,1592842868.0,78.0,-8.1,156.84,82.24,6.91
narsaq,40.0,GL,1592842869.0,28.0,60.92,-46.05,69.8,8.05
rikitea,86.0,PF,1592842869.0,60.0,-23.12,-134.97,69.49,14.99
georgetown,40.0,MY,1592842709.0,100.0,5.41,100.34,80.6,1.12
castro,0.0,BR,1592842869.0,43.0,-24.79,-50.01,73.9,3.02
tuatapere,31.0,NZ,1592842869.0,83.0,-46.13,167.68,39.0,3.0
cayenne,54.0,GF,1592842869.0,59.0,4.93,-52.33,89.6,10.29
tubuala,40.0,PA,1592842869.0,70.0,9.52,-79.03,87.8,2.24
busselton,54.0,AU,1592842869.0,57.0,-33.65,115.33,59.0,26.53
hermanus,5.0,ZA,1592842869.0,88.0,-34.42,19.23,57.0,11.16
krasnoselkup,0.0,RU,1592842870.0,68.0,65.7,82.47,53.91,23.73
reconquista,97.0,AR,1592842870.0,85.0,-29.15,-59.65,71.11,8.25
puerto ayora,40.0,EC,1592842668.0,73.0,-0.74,-90.35,75.2,12.75
mgandu,90.0,TZ,1592842870.0,44.0,-5.95,34.13,71.76,5.1
punta arenas,75.0,CL,1592842870.0,80.0,-53.15,-70.92,41.0,12.75
chuy,96.0,UY,1592842870.0,83.0,-33.7,-53.46,59.7,6.04
mount isa,1.0,AU,1592842870.0,48.0,-20.73,139.5,53.6,8.05
sao jose da coroa grande,2.0,BR,1592842870.0,72.0,-8.9,-35.15,81.19,11.48
gat,0.0,IL,1592842870.0,69.0,31.61,34.76,82.0,10.29
pokhara,40.0,NP,1592842819.0,79.0,28.23,83.98,74.16,1.01
saskylakh,1.0,RU,1592842871.0,53.0,71.92,114.08,70.21,7.18
marzuq,37.0,YE,1592842871.0,30.0,14.4,46.47,89.01,9.73
hilo,1.0,US,1592842682.0,77.0,19.73,-155.09,69.8,4.7
mar del plata,53.0,AR,1592842596.0,81.0,-38.0,-57.56,52.0,13.87
tasiilaq,40.0,GL,1592842871.0,43.0,65.61,-37.64,55.4,2.24
tanga,74.0,TZ,1592842871.0,79.0,-5.07,39.1,77.99,11.05
new norfolk,100.0,AU,1592842871.0,92.0,-42.78,147.06,55.99,1.99
bathsheba,40.0,BB,1592842630.0,70.0,13.22,-59.52,87.8,20.8
barrow,90.0,US,1592842872.0,93.0,71.29,-156.79,35.6,17.22
ilulissat,40.0,GL,1592842872.0,61.0,69.22,-51.1,48.2,5.82
urbano santos,58.0,BR,1592842872.0,52.0,-3.21,-43.4,87.67,5.95
la plaine,20.0,DM,1592842872.0,52.0,15.33,-61.25,91.4,9.17
ugoofaaru,100.0,MV,1592842872.0,78.0,5.67,73.0,83.98,12.46
nuuk,40.0,GL,1592842872.0,66.0,64.18,-51.72,50.0,8.05
kamenka,40.0,RU,1592842622.0,74.0,51.32,42.77,64.69,5.32
haines junction,90.0,CA,1592842671.0,54.0,60.75,-137.51,47.86,5.84
warmbad,0.0,NA,1592842873.0,26.0,-28.45,18.73,65.35,5.5
dingle,42.0,PH,1592842645.0,85.0,11.0,122.67,79.02,3.36
bredasdorp,1.0,ZA,1592842873.0,87.0,-34.53,20.04,57.2,2.1
jamestown,1.0,US,1592842594.0,65.0,42.1,-79.24,78.8,4.7
mezen,42.0,RU,1592842878.0,72.0,65.85,44.24,47.08,12.06
pevek,4.0,RU,1592842879.0,94.0,69.7,170.31,32.72,16.33
aykhal,32.0,RU,1592842879.0,63.0,66.0,111.5,64.4,6.71
rawson,100.0,AR,1592842879.0,39.0,-43.3,-65.1,55.31,24.61
pisco,90.0,PE,1592842879.0,82.0,-13.7,-76.22,64.0,4.7
hovd,14.0,MN,1592842879.0,42.0,48.01,91.64,53.04,1.12
arbuzynka,96.0,UA,1592842879.0,61.0,47.91,31.32,78.85,1.97
voh,0.0,NC,1592842879.0,85.0,-20.97,164.7,65.44,4.29
talnakh,99.0,RU,1592842660.0,62.0,69.49,88.4,59.0,6.71
arraial do cabo,0.0,BR,1592842880.0,51.0,-22.97,-42.03,89.6,3.31
owensboro,40.0,US,1592842867.0,78.0,37.77,-87.11,84.2,10.29
lagoa,86.0,PT,1592842880.0,91.0,39.05,-27.98,66.88,23.8
moron,20.0,AR,1592842880.0,67.0,-34.65,-58.62,60.01,11.41
nouadhibou,0.0,MR,1592842880.0,57.0,20.93,-17.03,74.41,25.52
troitsko-pechorsk,100.0,RU,1592842880.0,91.0,62.71,56.2,46.27,4.92
lebu,98.0,CL,1592842880.0,82.0,-37.62,-73.65,53.04,9.91
yeppoon,0.0,AU,1592842650.0,87.0,-23.13,150.73,50.0,2.24
sterling,40.0,US,1592842881.0,66.0,39.01,-77.43,87.01,9.17
kamaishi,100.0,JP,1592842881.0,86.0,39.27,141.88,62.29,12.3
lasa,75.0,IT,1592842881.0,59.0,46.62,10.7,75.99,9.17
codrington,100.0,AU,1592842654.0,86.0,-38.27,141.97,56.89,26.44
kaeo,55.0,NZ,1592842881.0,3.0,-35.1,173.78,60.01,11.01
los banos,20.0,PH,1592842881.0,83.0,14.17,121.18,84.2,4.7
tiksi,20.0,RU,1592842881.0,83.0,71.69,128.87,38.77,4.0
bluff,7.0,NZ,1592842882.0,83.0,-46.6,168.33,39.0,3.0
severo-kurilsk,14.0,RU,1592842882.0,83.0,50.68,156.12,45.93,7.29
portland,20.0,US,1592842653.0,72.0,45.52,-122.68,63.0,4.7
brae,96.0,GB,1592842882.0,67.0,60.4,-1.35,60.8,29.97
airai,86.0,TL,1592842641.0,100.0,-8.93,125.41,57.79,4.12
kapaa,90.0,US,1592842881.0,78.0,22.08,-159.32,77.0,14.99
santiago,90.0,CL,1592842793.0,93.0,-33.46,-70.65,50.0,2.46
esperance,100.0,AU,1592842882.0,37.0,-33.87,121.9,55.4,23.04
la sarre,5.0,CA,1592842883.0,52.0,48.8,-79.2,74.35,6.15
katobu,4.0,ID,1592842883.0,90.0,-4.94,122.53,73.08,4.43
carnarvon,90.0,AU,1592842883.0,100.0,-24.87,113.63,69.8,12.75
yellowknife,75.0,CA,1592842795.0,63.0,62.46,-114.35,72.0,5.82
lavrentiya,56.0,RU,1592842883.0,57.0,65.58,-171.0,56.43,8.03
ostrovnoy,100.0,RU,1592842883.0,76.0,68.05,39.51,44.58,16.78
vaini,40.0,TO,1592842884.0,100.0,-21.2,-175.2,73.4,5.82
arrecife,20.0,ES,1592842741.0,54.0,28.96,-13.55,80.6,20.8
melbourne,1.0,US,1592842765.0,70.0,28.08,-80.61,91.0,8.05
edson,90.0,CA,1592842884.0,82.0,53.58,-116.44,57.2,2.24
ribeira grande,75.0,PT,1592842884.0,94.0,38.52,-28.7,68.0,20.8
hithadhoo,100.0,MV,1592842884.0,68.0,-0.6,73.08,84.88,7.78
mayskiy,20.0,RU,1592842884.0,54.0,47.69,40.1,80.6,2.24
palmer,20.0,US,1592842661.0,55.0,42.16,-72.33,90.0,4.7
itacare,75.0,BR,1592842889.0,78.0,-14.28,-39.0,78.8,13.87
nalut,0.0,LY,1592842890.0,13.0,30.33,10.85,92.97,18.57
mataura,0.0,NZ,1592842890.0,83.0,-46.19,168.86,39.0,3.0
fairbanks,90.0,US,1592842621.0,93.0,64.84,-147.72,51.8,10.29
nemuro,100.0,JP,1592842890.0,92.0,43.32,145.57,53.35,9.24
conneaut,75.0,US,1592842890.0,78.0,41.95,-80.55,75.0,4.7
katsuura,100.0,JP,1592842890.0,86.0,35.13,140.3,68.0,3.0
richards bay,7.0,ZA,1592842890.0,74.0,-28.78,32.04,64.85,5.64
clyde river,1.0,CA,1592842891.0,76.0,70.47,-68.59,50.0,2.24
douentza,20.0,ML,1592842891.0,14.0,15.0,-2.95,105.26,10.85
vieste,75.0,IT,1592842891.0,53.0,41.88,16.18,77.0,17.22
padang,100.0,ID,1592842891.0,83.0,-0.95,100.35,77.31,3.98
abu dhabi,0.0,AE,1592842695.0,44.0,24.47,54.37,93.2,18.34
longyearbyen,4.0,SJ,1592842891.0,61.0,78.22,15.64,50.0,6.93
dongsheng,100.0,CN,1592842891.0,51.0,39.82,109.98,63.61,8.86
glenwood springs,1.0,US,1592842736.0,35.0,39.55,-107.32,75.2,4.7
manadhoo,100.0,MV,1592842892.0,79.0,5.77,73.38,84.0,14.97
ushuaia,40.0,AR,1592842892.0,86.0,-54.8,-68.3,33.8,1.86
chimbote,71.0,PE,1592842892.0,73.0,-9.09,-78.58,66.99,8.9
kodiak,90.0,US,1592842892.0,87.0,57.79,-152.41,50.0,9.17
kudat,75.0,MY,1592842892.0,83.0,6.88,116.85,84.0,4.7
malakal,26.0,SS,1592842892.0,59.0,9.53,31.66,85.6,3.98
namibe,0.0,AO,1592842893.0,50.0,-15.2,12.15,78.8,11.41
lompoc,99.0,US,1592842893.0,93.0,34.64,-120.46,57.2,4.7
araouane,0.0,ML,1592842893.0,7.0,18.9,-3.53,111.7,9.4
butaritari,100.0,KI,1592842893.0,73.0,3.07,172.79,82.98,9.93
lata,0.0,PT,1592842893.0,52.0,40.16,-8.33,90.0,10.54
carutapera,11.0,BR,1592842893.0,55.0,-1.2,-46.02,88.7,6.98
comodoro rivadavia,85.0,AR,1592842893.0,66.0,-45.87,-67.5,48.2,9.17
dalvik,90.0,IS,1592842893.0,81.0,65.97,-18.53,51.8,21.92
lev tolstoy,54.0,RU,1592842894.0,68.0,53.21,39.45,68.0,6.71
south lake tahoe,1.0,US,1592842894.0,48.0,38.93,-119.98,66.2,3.36
volgorechensk,0.0,RU,1592842894.0,43.0,57.44,41.16,69.8,2.24
raga,50.0,SS,1592842894.0,66.0,8.46,25.68,82.36,2.39
hyeres,0.0,FR,1592842894.0,42.0,43.12,6.12,90.0,6.93
biak,40.0,ID,1592842659.0,79.0,-0.91,122.88,76.89,7.47
mananara,32.0,MG,1592842895.0,88.0,-16.17,49.77,69.4,5.88
soe,61.0,ID,1592842895.0,100.0,-9.86,124.28,63.01,4.38
gallup,1.0,US,1592842895.0,13.0,35.53,-108.74,78.8,5.82
tuktoyaktuk,75.0,CA,1592842895.0,67.0,69.45,-133.04,57.2,4.7
buchanan,75.0,LR,1592842896.0,74.0,5.88,-10.05,86.0,11.41
hirara,74.0,JP,1592842896.0,88.0,24.8,125.28,83.43,8.48
dikson,100.0,RU,1592842896.0,88.0,73.51,80.55,43.84,13.0
yar-sale,79.0,RU,1592842896.0,67.0,66.83,70.83,45.97,15.19
sao joao da barra,0.0,BR,1592842901.0,40.0,-21.64,-41.05,86.0,4.7
mayumba,70.0,GA,1592842901.0,80.0,-3.43,10.66,75.18,8.95
thompson,75.0,CA,1592842629.0,72.0,55.74,-97.86,62.6,2.24
nanortalik,16.0,GL,1592842902.0,73.0,60.14,-45.24,47.77,2.57
havre-saint-pierre,40.0,CA,1592842902.0,77.0,50.23,-63.6,62.6,2.24
redwater,75.0,US,1592842902.0,83.0,33.36,-94.25,77.0,4.7
fortuna,90.0,US,1592842902.0,100.0,40.6,-124.16,60.01,3.36
cabo san lucas,5.0,MX,1592842802.0,61.0,22.89,-109.91,81.0,5.82
teruel,11.0,ES,1592842902.0,27.0,40.67,-0.67,86.0,6.93
marawi,46.0,PH,1592842902.0,87.0,8.0,124.29,77.0,5.99
meulaboh,100.0,ID,1592842902.0,90.0,4.14,96.13,76.93,3.51
bethel,40.0,US,1592842903.0,51.0,41.37,-73.41,90.0,4.7
cape town,20.0,ZA,1592842801.0,93.0,-33.93,18.42,63.0,10.29
sorland,34.0,NO,1592842903.0,77.0,67.67,12.69,60.8,11.41
jiazi,99.0,CN,1592842903.0,87.0,22.88,116.07,82.4,9.19
luderitz,0.0,NA,1592842903.0,77.0,-26.65,15.16,60.8,11.41
socorro,5.0,US,1592842903.0,11.0,31.65,-106.3,91.4,12.75
lorengau,79.0,PG,1592842629.0,72.0,-2.02,147.27,82.49,4.23
tahta,0.0,EG,1592842903.0,8.0,26.77,31.5,109.4,13.87
vila velha,0.0,BR,1592842707.0,57.0,-20.33,-40.29,80.6,6.93
goure,50.0,NE,1592842900.0,15.0,13.98,10.27,102.99,8.01
port hardy,90.0,CA,1592842904.0,93.0,50.7,-127.42,53.6,9.17
camana,63.0,PE,1592842904.0,64.0,-16.62,-72.71,66.16,6.85
coquimbo,75.0,CL,1592842904.0,82.0,-29.95,-71.34,57.2,3.36
bay-khaak,100.0,RU,1592842904.0,67.0,51.17,94.5,53.19,10.65
ponta do sol,20.0,PT,1592842904.0,60.0,32.67,-17.1,75.2,14.99
kayerkan,100.0,RU,1592842905.0,58.0,69.35,87.76,59.0,6.71
qaqortoq,40.0,GL,1592842905.0,28.0,60.72,-46.03,69.8,8.05
dunedin,0.0,NZ,1592842880.0,80.0,-45.87,170.5,44.01,11.99
te anau,22.0,NZ,1592842905.0,85.0,-45.42,167.72,38.75,1.05
mahajanga,2.0,MG,1592842905.0,54.0,-15.72,46.32,80.6,3.36
manono,2.0,CD,1592842905.0,29.0,-7.3,27.42,81.28,3.22
garden city,75.0,US,1592842905.0,69.0,42.33,-83.33,80.6,4.65
hamilton,75.0,US,1592842905.0,65.0,39.18,-84.53,80.01,9.17
rio tercero,100.0,AR,1592842906.0,36.0,-32.17,-64.11,63.0,1.99
prince rupert,90.0,CA,1592842763.0,81.0,54.32,-130.32,53.6,16.11
gambo,92.0,CF,1592842906.0,83.0,4.65,22.26,78.64,1.05
berlevag,90.0,NO,1592842906.0,81.0,70.86,29.09,42.8,11.41
port elizabeth,0.0,ZA,1592842899.0,93.0,-33.92,25.57,57.2,3.36
iqaluit,40.0,CA,1592842733.0,57.0,63.75,-68.51,50.0,4.7
lima,90.0,PE,1592842906.0,72.0,-12.04,-77.03,64.4,6.93
vestmannaeyjar,40.0,IS,1592842907.0,81.0,63.44,-20.27,51.8,11.41
nikolskoye,29.0,RU,1592842895.0,40.0,59.7,30.79,71.6,6.71
saint-philippe,90.0,RE,1592842907.0,73.0,-21.36,55.77,73.4,2.24
korla,0.0,CN,1592842907.0,69.0,41.76,86.15,82.0,1.99
abaetetuba,40.0,BR,1592842907.0,55.0,-1.72,-48.88,89.6,9.17
willowmore,0.0,ZA,1592842907.0,43.0,-33.29,23.49,52.23,4.72
tabou,77.0,CI,1592842912.0,80.0,4.42,-7.35,78.6,11.68
hurghada,0.0,EG,1592842631.0,12.0,27.26,33.81,104.0,6.93
tsabong,0.0,BW,1592842669.0,36.0,-26.02,22.4,57.11,3.31
geraldton,75.0,AU,1592842913.0,59.0,-28.77,114.6,64.4,18.34
torbay,90.0,CA,1592842913.0,51.0,47.67,-52.73,63.0,12.75
shablykino,99.0,RU,1592842913.0,89.0,52.86,35.2,66.99,11.59
bima,79.0,ID,1592842913.0,87.0,-8.47,118.72,72.91,3.49
umm kaddadah,0.0,SD,1592842671.0,16.0,13.6,26.69,99.93,1.86
saint anthony,1.0,US,1592842914.0,46.0,45.02,-93.22,70.0,6.93
flinders,40.0,AU,1592842914.0,62.0,-34.58,150.86,52.0,5.99
chongwe,95.0,ZM,1592842914.0,44.0,-15.33,28.68,61.59,3.06
dawson creek,20.0,CA,1592842914.0,45.0,55.77,-120.24,62.6,8.05
nyandoma,41.0,RU,1592842914.0,47.0,61.67,40.2,67.23,4.65
klaksvik,88.0,FO,1592842653.0,87.0,62.23,-6.59,50.0,31.09
idrinskoye,100.0,RU,1592842914.0,90.0,54.37,92.14,52.02,1.86
custodia,2.0,BR,1592842914.0,35.0,-8.09,-37.64,85.62,15.01
karaton,40.0,ID,1592842915.0,83.0,-6.34,106.1,78.8,4.7
arona,1.0,ES,1592842915.0,54.0,28.1,-16.68,80.6,17.22
urumqi,0.0,CN,1592842646.0,28.0,43.8,87.6,71.6,4.47
kendari,1.0,ID,1592842915.0,91.0,-3.94,122.5,73.49,3.18
ayan,80.0,RU,1592842915.0,95.0,56.45,138.17,41.59,2.35
mwinilunga,0.0,ZM,1592842915.0,35.0,-11.74,24.43,65.93,3.62
port alfred,0.0,ZA,1592842915.0,87.0,-33.59,26.89,57.99,7.56
odweyne,70.0,SO,1592842915.0,25.0,9.41,45.06,85.75,12.1
avare,3.0,BR,1592842885.0,46.0,-23.1,-48.93,76.77,4.76
cherskiy,43.0,RU,1592842916.0,64.0,68.75,161.3,46.33,14.65
januaria,0.0,BR,1592842916.0,39.0,-15.48,-44.37,84.88,4.92
bud,40.0,US,1592842916.0,78.0,39.45,-86.18,82.0,5.82
salalah,40.0,OM,1592842916.0,89.0,17.02,54.09,84.2,6.93
mahebourg,40.0,MU,1592842637.0,83.0,-20.41,57.7,71.6,10.29
mahon,0.0,ES,1592842916.0,50.0,39.89,4.27,78.8,21.92
pipri,40.0,IN,1592842916.0,62.0,19.8,75.53,84.2,4.7
ponta delgada,20.0,PT,1592842917.0,83.0,37.73,-25.67,69.8,11.41
erzin,0.0,TR,1592842917.0,81.0,36.96,36.2,75.99,5.99
stornoway,20.0,GB,1592842917.0,67.0,58.21,-6.39,59.0,18.34
ahipara,24.0,NZ,1592842917.0,86.0,-35.17,173.17,57.33,10.76
paraguacu,0.0,BR,1592842917.0,47.0,-21.55,-45.74,76.5,2.46
ouahigouya,24.0,BF,1592842917.0,17.0,13.58,-2.42,103.55,8.88
atuona,11.0,PF,1592842918.0,82.0,-9.8,-139.03,79.9,16.4
east london,6.0,ZA,1592842892.0,72.0,-33.02,27.91,67.64,11.14
corinto,30.0,GR,1592842918.0,72.0,37.94,22.96,72.0,1.99
samarai,56.0,PG,1592842918.0,85.0,-10.62,150.67,79.59,11.92
rehoboth,0.0,NA,1592842701.0,25.0,-23.32,17.08,65.17,8.77
port hawkesbury,40.0,CA,1592842918.0,83.0,45.62,-61.35,71.01,9.17
sambava,36.0,MG,1592842918.0,78.0,-14.27,50.17,73.96,14.61
grand-santi,82.0,GF,1592842918.0,63.0,4.25,-54.38,86.81,3.83
colares,1.0,PT,1592842924.0,45.0,38.8,-9.45,87.01,16.11
agen,0.0,FR,1592842924.0,42.0,44.2,0.63,80.6,6.93
ranfurly,0.0,NZ,1592842924.0,92.0,-45.13,170.1,32.0,3.15
kobayashi,0.0,JP,1592842924.0,83.0,31.98,130.98,71.01,4.0
abriaqui,40.0,CO,1592842924.0,51.0,6.63,-76.06,80.6,5.82
cidreira,49.0,BR,1592842636.0,84.0,-30.18,-50.21,67.03,4.85
hasaki,75.0,JP,1592842925.0,93.0,35.73,140.83,64.4,14.99
portsmouth,0.0,GB,1592842754.0,59.0,50.8,-1.09,70.0,3.0
seka,53.0,TH,1592842925.0,74.0,17.93,103.96,83.05,2.62
upernavik,0.0,GL,1592842925.0,73.0,72.79,-56.15,41.0,6.29
fereydun kenar,40.0,IR,1592842925.0,45.0,36.69,52.52,84.2,4.7
enterprise,20.0,US,1592842925.0,12.0,36.03,-115.24,93.2,3.36
kavieng,86.0,PG,1592842926.0,70.0,-2.57,150.8,83.93,6.55
asau,75.0,RO,1592842926.0,100.0,46.43,26.4,72.0,13.87
anchorage,75.0,US,1592842926.0,66.0,61.22,-149.9,54.0,3.74
okhotsk,43.0,RU,1592842926.0,90.0,59.38,143.3,44.94,7.96
mahibadhoo,100.0,MV,1592842926.0,77.0,3.78,72.97,83.97,13.2
puerto colombia,40.0,CO,1592842926.0,75.0,10.99,-74.95,89.6,4.7
longwy,0.0,FR,1592842926.0,55.0,49.52,5.77,73.99,5.99
robertson,90.0,US,1592842927.0,78.0,36.52,-86.87,80.01,8.05
olga,100.0,RU,1592842927.0,94.0,43.74,135.29,57.13,3.18
quatre cocos,40.0,MU,1592842927.0,83.0,-20.21,57.76,72.0,10.29
sorong,100.0,ID,1592842927.0,85.0,-0.88,131.25,79.27,8.1
forio,43.0,IT,1592842927.0,77.0,40.73,13.86,80.01,14.0
bengkulu,100.0,ID,1592842652.0,90.0,-3.8,102.27,77.22,7.76
vao,81.0,NC,1592842928.0,70.0,-22.67,167.48,71.74,10.33
broken hill,0.0,AU,1592842928.0,81.0,-31.95,141.43,44.6,12.75
jumla,94.0,NP,1592842928.0,65.0,29.27,82.18,62.42,1.48
victoria,49.0,HK,1592842877.0,74.0,22.29,114.16,86.0,10.0
berdigestyakh,23.0,RU,1592842928.0,75.0,62.1,126.7,54.46,6.8
kharan,3.0,PK,1592842928.0,14.0,28.58,65.42,99.03,3.89
baykit,53.0,RU,1592842633.0,52.0,61.67,96.37,66.87,3.02
krasnoborsk,95.0,RU,1592842928.0,49.0,61.56,45.93,65.25,6.82
hasuda,100.0,JP,1592842928.0,49.0,35.98,139.65,66.99,7.96
broome,20.0,US,1592842911.0,61.0,42.25,-75.83,84.99,3.36
maketu,0.0,NZ,1592842929.0,92.0,-37.77,176.45,50.0,10.87
shwebo,92.0,MM,1592842929.0,64.0,22.57,95.7,85.5,12.53
bograd,75.0,RU,1592842929.0,87.0,54.23,90.83,53.6,4.47
muisne,75.0,EC,1592842929.0,83.0,0.6,-80.03,82.4,8.05
manado,20.0,ID,1592842929.0,88.0,1.49,124.85,77.0,2.24
ocos,75.0,GT,1592842935.0,79.0,14.51,-92.19,86.0,8.63
bashmakovo,19.0,RU,1592842935.0,73.0,53.21,43.03,63.28,6.33
santiago del estero,58.0,AR,1592842935.0,54.0,-27.8,-64.26,66.65,4.83
tayshet,85.0,RU,1592842935.0,84.0,55.93,98.0,58.96,3.47
nagarote,75.0,NI,1592842935.0,78.0,12.27,-86.56,82.4,4.7
atambua,98.0,ID,1592842935.0,85.0,-9.11,124.89,69.98,5.41
vanimo,83.0,PG,1592842935.0,84.0,-2.67,141.3,78.76,3.67
sobolevo,54.0,RU,1592842936.0,89.0,54.43,31.9,67.17,4.7
sovetskiy,99.0,RU,1592842745.0,58.0,61.36,63.58,51.98,2.68
macusani,42.0,PE,1592842936.0,48.0,-14.08,-70.43,48.33,4.99
bani walid,0.0,LY,1592842936.0,30.0,31.76,13.99,83.39,25.95
aksu,27.0,CN,1592842936.0,14.0,41.12,80.26,83.57,7.61
harper,61.0,LR,1592842936.0,79.0,4.38,-7.72,79.03,12.12
nadym,32.0,RU,1592842936.0,71.0,65.53,72.52,49.37,14.54
puro,84.0,PH,1592842937.0,80.0,12.48,123.38,82.58,7.34
kattivakkam,75.0,IN,1592842937.0,78.0,13.22,80.32,82.4,9.17
pangnirtung,90.0,CA,1592842937.0,75.0,66.15,-65.71,42.8,4.7
galveston,75.0,US,1592842937.0,70.0,29.37,-94.97,89.6,18.34
wuwei,100.0,CN,1592842937.0,44.0,37.93,102.64,64.78,8.99
abha,77.0,SA,1592842937.0,47.0,18.22,42.51,80.6,9.17
jatai,76.0,BR,1592842937.0,35.0,-17.88,-51.71,80.96,6.4
saldanha,25.0,ZA,1592842924.0,72.0,-33.01,17.94,62.6,5.82
vila franca do campo,20.0,PT,1592842939.0,83.0,37.72,-25.43,69.8,11.41
atyrau,23.0,KZ,1592842816.0,11.0,47.12,51.88,84.2,15.66
ende,8.0,ID,1592842939.0,79.0,-8.84,121.66,75.4,4.68
saint-georges,20.0,GD,1592842939.0,70.0,12.06,-61.75,87.8,17.22
tatawin,20.0,TN,1592842939.0,20.0,32.93,10.45,87.8,10.29
naifaru,100.0,MV,1592842939.0,79.0,5.44,73.37,83.98,14.97
kulhudhuffushi,100.0,MV,1592842940.0,80.0,6.62,73.07,84.29,14.0
moerai,11.0,PF,1592842940.0,67.0,-22.43,-151.33,69.55,20.71
polson,67.0,US,1592842940.0,68.0,47.69,-114.16,61.0,2.89
anupgarh,6.0,IN,1592842940.0,17.0,29.19,73.21,105.03,8.59
zheleznodorozhnyy,0.0,RU,1592842940.0,43.0,55.75,38.0,71.6,2.24
wasco,1.0,US,1592842940.0,41.0,35.59,-119.34,82.99,3.29
moose factory,75.0,CA,1592842940.0,82.0,51.26,-80.61,57.2,3.36
terrace,90.0,CA,1592842940.0,87.0,54.52,-128.6,50.0,8.05
pitimbu,40.0,BR,1592842941.0,58.0,-7.47,-34.81,84.2,17.22
waycross,40.0,US,1592842819.0,43.0,31.21,-82.35,91.0,6.93
kargasok,100.0,RU,1592842941.0,85.0,59.06,80.86,55.62,5.37
axim,59.0,GH,1592842941.0,80.0,4.87,-2.24,79.56,12.24
souillac,40.0,MU,1592842941.0,83.0,-20.52,57.52,71.6,10.29
yerkoy,31.0,TR,1592842941.0,38.0,39.64,34.47,80.87,2.91
cacimbinhas,42.0,BR,1592842941.0,62.0,-9.4,-36.99,81.97,12.33
tevaitoa,62.0,PF,1592842941.0,76.0,-16.78,-151.5,76.84,23.22
naryan-mar,100.0,RU,1592842941.0,77.0,67.67,53.09,42.73,11.36
ampanihy,36.0,MG,1592842947.0,81.0,-24.7,44.75,67.35,8.79
farah,0.0,AF,1592842947.0,11.0,32.5,62.5,90.3,5.41
norman wells,90.0,CA,1592842648.0,100.0,65.28,-126.83,51.8,13.87
caronport,20.0,CA,1592842947.0,42.0,50.45,-105.82,62.6,2.89
constitucion,100.0,CL,1592842947.0,84.0,-35.33,-72.42,50.81,9.75
dinguiraye,48.0,GN,1592842947.0,42.0,11.3,-10.72,92.95,3.87
tomatlan,29.0,MX,1592842947.0,42.0,19.93,-105.25,93.38,3.65
general roca,100.0,AR,1592842947.0,36.0,-39.03,-67.58,57.2,9.17
astara,40.0,AZ,1592842948.0,45.0,38.5,48.67,82.4,16.11
athabasca,94.0,CA,1592842948.0,71.0,54.72,-113.29,64.98,3.09
piterka,30.0,RU,1592842948.0,56.0,50.68,47.45,66.6,7.85
whyalla,7.0,AU,1592842948.0,93.0,-33.03,137.58,42.8,5.82
komsomolskiy,40.0,UZ,1592842687.0,17.0,40.43,71.72,89.6,6.93
upata,37.0,VE,1592842948.0,67.0,8.01,-62.4,88.0,1.99
wisconsin rapids,90.0,US,1592842948.0,88.0,44.38,-89.82,66.99,3.36
marsh harbour,100.0,BS,1592842949.0,73.0,26.54,-77.06,83.08,9.35
sortland,62.0,NO,1592842949.0,60.0,68.69,15.42,73.0,3.36
daugai,82.0,LT,1592842949.0,50.0,54.37,24.33,77.0,6.93
karratha,0.0,AU,1592842949.0,63.0,-20.74,116.85,67.33,4.81
isangel,75.0,VU,1592842949.0,83.0,-19.55,169.27,75.2,11.41
pedernales,20.0,DO,1592842949.0,63.0,18.04,-71.74,91.4,13.87
caravelas,3.0,BR,1592842938.0,57.0,-17.71,-39.25,78.62,5.7
deputatskiy,95.0,RU,1592842886.0,84.0,69.3,139.9,58.69,3.56
kaitangata,1.0,NZ,1592842950.0,88.0,-46.28,169.85,34.54,3.49
roebourne,0.0,AU,1592842950.0,62.0,-20.78,117.13,67.77,4.76
loiza,20.0,PR,1592842950.0,66.0,18.43,-65.88,91.0,19.46
acajutla,20.0,SV,1592842950.0,88.0,13.59,-89.83,79.0,3.36
balestrand,40.0,NO,1592842950.0,59.0,61.21,6.53,62.6,8.05
luanda,1.0,AO,1592842950.0,73.0,-8.84,13.23,75.2,10.29
arcachon,0.0,FR,1592842950.0,57.0,44.59,-1.05,84.0,10.29
jiexiu,89.0,CN,1592842950.0,63.0,37.02,111.91,73.15,6.02
porto novo,40.0,BJ,1592842950.0,94.0,6.5,2.6,73.4,5.82
touros,75.0,BR,1592842951.0,65.0,-5.2,-35.46,82.4,12.75
preeceville,67.0,CA,1592842951.0,72.0,51.95,-102.67,57.47,5.75
premia de mar,0.0,ES,1592842951.0,83.0,41.49,2.37,78.01,4.0
abu samrah,0.0,SY,1592842951.0,32.0,35.3,37.18,81.41,17.98
la ronge,20.0,CA,1592842951.0,40.0,55.1,-105.28,69.8,9.17
corinth,30.0,GR,1592842887.0,72.0,37.94,22.96,72.0,1.99
eenhana,0.0,NA,1592842951.0,19.0,-17.47,16.33,78.8,3.36
seoul,72.0,KR,1592842951.0,88.0,37.57,126.98,78.8,1.12
qaanaaq,100.0,GL,1592842952.0,81.0,77.48,-69.36,38.55,4.12
chegdomyn,1.0,RU,1592842952.0,83.0,51.12,133.02,42.85,2.73
trairi,0.0,BR,1592842952.0,55.0,-3.28,-39.27,86.04,11.48
iralaya,75.0,HN,1592842952.0,79.0,15.0,-83.23,86.0,9.17
candido mendes,3.0,BR,1592842952.0,52.0,-1.45,-45.72,89.71,5.64
sisimiut,0.0,GL,1592842673.0,58.0,66.94,-53.67,49.1,11.3
puerto escondido,40.0,MX,1592842952.0,66.0,15.85,-97.07,87.8,5.82
santiago de chuco,56.0,PE,1592842957.0,31.0,-8.15,-78.18,62.73,5.97
voznesenye,0.0,RU,1592842745.0,54.0,61.01,35.48,60.24,4.03
lucea,20.0,JM,1592842958.0,79.0,18.45,-78.17,90.0,23.04
pacific grove,90.0,US,1592842958.0,87.0,36.62,-121.92,57.99,3.13
jaguaribe,3.0,BR,1592842958.0,44.0,-5.89,-38.62,86.83,8.21
peringat,40.0,MY,1592842958.0,94.0,6.03,102.28,77.0,2.24
west bay,40.0,KY,1592842958.0,75.0,19.37,-81.42,89.6,12.75
vardo,40.0,NO,1592842958.0,81.0,70.37,31.11,42.8,25.28
veraval,55.0,IN,1592842958.0,79.0,20.9,70.37,85.57,12.66
nador,20.0,MA,1592842959.0,73.0,35.17,-2.93,80.6,9.17
sitka,90.0,US,1592842959.0,81.0,57.05,-135.33,51.8,6.93
port lincoln,35.0,AU,1592842959.0,73.0,-34.73,135.87,53.44,8.41
cockburn town,40.0,TC,1592842959.0,70.0,21.46,-71.14,87.8,16.11
sao filipe,38.0,CV,1592842897.0,73.0,14.9,-24.5,78.8,14.9
provideniya,34.0,RU,1592842959.0,50.0,64.38,-173.3,56.61,8.12
bichura,100.0,RU,1592842959.0,88.0,50.59,107.6,55.29,2.75
barguzin,83.0,RU,1592842959.0,74.0,53.62,109.62,56.3,3.33
progreso,75.0,MX,1592842959.0,70.0,21.28,-89.67,90.0,13.87
dali,43.0,CN,1592842960.0,84.0,25.7,100.18,64.99,5.26
zyryanka,0.0,RU,1592842960.0,50.0,65.75,150.85,68.07,0.94
aranda de duero,35.0,ES,1592842960.0,27.0,41.67,-3.69,84.81,5.75
emerald,0.0,AU,1592842960.0,57.0,-23.53,148.17,50.0,6.93
linxia,100.0,CN,1592842960.0,67.0,35.6,103.21,59.7,2.19
langsa,100.0,ID,1592842960.0,92.0,4.47,97.97,76.55,2.59
paita,60.0,PE,1592842960.0,69.0,-5.09,-81.11,73.4,16.11
rio grande,90.0,BR,1592842776.0,82.0,-32.03,-52.1,62.6,6.93
tawang,98.0,IN,1592842961.0,80.0,27.58,91.87,59.38,2.33
hazebrouck,24.0,FR,1592842961.0,56.0,50.72,2.54,75.0,1.99
erenhot,72.0,CN,1592842961.0,49.0,43.65,111.98,69.37,12.01
shiyan,100.0,CN,1592842961.0,86.0,32.65,110.78,68.58,2.39
fare,55.0,PF,1592842961.0,75.0,-16.7,-151.02,77.0,21.99
natal,75.0,BR,1592842961.0,62.0,-5.79,-35.21,84.2,19.46
kavaratti,100.0,IN,1592842961.0,76.0,10.57,72.64,82.35,2.3
eydhafushi,100.0,MV,1592842961.0,79.0,5.1,73.07,84.07,13.67
tigil,100.0,RU,1592842962.0,71.0,57.8,158.67,46.8,2.19
sawakin,42.0,SD,1592842962.0,33.0,19.11,37.33,90.99,7.85
olafsvik,100.0,IS,1592842886.0,92.0,64.89,-23.71,48.94,15.1
yelatma,10.0,RU,1592842962.0,71.0,54.97,41.75,65.44,1.68
madera,0.0,US,1592842962.0,47.0,37.17,-119.83,82.0,3.65
bambous virieux,40.0,MU,1592842910.0,83.0,-20.34,57.76,72.0,10.29
laguna,1.0,US,1592842799.0,64.0,38.42,-121.42,72.0,3.36
ploemeur,0.0,FR,1592842962.0,52.0,47.73,-3.43,71.01,4.7
kruisfontein,0.0,ZA,1592842882.0,71.0,-34.0,24.73,55.31,3.15
trapani,20.0,IT,1592842963.0,83.0,37.83,12.67,75.2,12.75
tulle,0.0,FR,1592842963.0,61.0,45.33,1.83,81.0,5.99
san quintin,97.0,MX,1592842963.0,78.0,30.48,-115.95,65.89,9.4
srednekolymsk,66.0,RU,1592842922.0,63.0,67.45,153.68,53.89,17.76
antofagasta,75.0,CL,1592842733.0,62.0,-23.65,-70.4,59.0,4.7
berbera,100.0,SO,1592842920.0,36.0,10.44,45.01,93.15,6.53
kilindoni,79.0,TZ,1592842968.0,77.0,-7.91,39.67,79.41,20.47
ambon,61.0,ID,1592842919.0,14.0,-3.7,128.18,79.0,15.55
faya,70.0,SA,1592842968.0,47.0,18.39,42.45,80.6,9.17
meliti,64.0,GR,1592842968.0,40.0,40.83,21.58,71.6,10.29
shitkino,81.0,RU,1592842969.0,82.0,56.37,98.35,61.86,3.09
nortelandia,0.0,BR,1592842969.0,32.0,-14.45,-56.8,91.58,6.4
kismayo,44.0,SO,1592842969.0,83.0,-0.36,42.55,79.02,16.46
chapeco,0.0,BR,1592842969.0,44.0,-27.1,-52.62,78.8,6.93
altamira,40.0,BR,1592842969.0,59.0,-3.2,-52.21,89.6,5.82
jizan,20.0,SA,1592842970.0,59.0,17.33,42.67,91.4,11.41
chongqing,75.0,CN,1592842970.0,94.0,29.56,106.55,75.2,2.24
along,86.0,IN,1592842970.0,88.0,28.17,94.77,74.53,0.96
kahului,20.0,US,1592842970.0,64.0,20.89,-156.47,75.2,10.29
pirgos,12.0,GR,1592842970.0,64.0,35.12,25.72,79.0,1.99
pakokku,91.0,MM,1592842970.0,61.0,21.33,95.1,88.32,19.82
zabol,0.0,AF,1592842970.0,14.0,32.25,67.25,81.45,10.11
leningradskiy,100.0,RU,1592842971.0,93.0,69.38,178.42,32.97,13.42
faanui,88.0,PF,1592842971.0,79.0,-16.48,-151.75,76.55,23.31
hit,0.0,IQ,1592842971.0,11.0,33.64,42.83,96.4,10.54
joigny,17.0,FR,1592842821.0,41.0,47.98,3.4,73.99,1.01
palora,75.0,EC,1592842971.0,73.0,-1.7,-77.93,77.0,2.24
umm lajj,0.0,SA,1592842926.0,39.0,25.02,37.27,90.93,10.38
borinskoye,97.0,RU,1592842972.0,68.0,52.46,39.37,68.0,6.71
khorramabad,0.0,IR,1592842972.0,20.0,33.49,48.36,78.48,4.23
arlit,0.0,NE,1592842799.0,6.0,18.74,7.39,108.37,8.88
bacabal,4.0,BR,1592842972.0,58.0,-4.29,-44.79,86.41,5.64
gambela,100.0,ET,1592842973.0,90.0,8.25,34.58,75.2,2.26
apango,100.0,MX,1592842973.0,77.0,17.73,-99.33,75.0,2.98
kudahuvadhoo,100.0,MV,1592842974.0,74.0,2.67,72.89,84.11,11.65
vangaindrano,35.0,MG,1592842974.0,87.0,-23.35,47.6,69.94,5.79
ohara,75.0,JP,1592842975.0,93.0,35.25,140.38,66.0,14.99
wanaka,0.0,NZ,1592842975.0,73.0,-44.7,169.15,39.06,2.26
minas,75.0,UY,1592842975.0,87.0,-34.38,-55.24,60.01,4.7
birao,34.0,CF,1592842975.0,38.0,10.28,22.79,92.52,2.93
huallanca,37.0,PE,1592842975.0,41.0,-9.9,-76.94,55.13,6.53
nyurba,50.0,RU,1592842907.0,55.0,63.28,118.33,61.5,6.53
westport,1.0,US,1592842799.0,61.0,41.14,-73.36,87.01,10.29
yinchuan,97.0,CN,1592842975.0,54.0,38.47,106.27,68.0,1.99
ribeira brava,20.0,PT,1592842976.0,60.0,32.65,-17.07,75.2,14.99
yerbogachen,3.0,RU,1592842976.0,84.0,61.28,108.01,59.5,4.29
victor harbor,70.0,AU,1592842976.0,91.0,-35.57,138.62,52.0,5.99
astakos,75.0,GR,1592842976.0,83.0,38.54,21.08,77.0,9.17
kodinsk,60.0,RU,1592842976.0,57.0,58.69,99.18,65.89,1.28
bodaybo,73.0,RU,1592842976.0,68.0,57.85,114.19,59.13,4.14
skjervoy,17.0,NO,1592842981.0,76.0,70.03,20.97,53.6,6.93
glen carbon,75.0,US,1592842981.0,69.0,38.75,-89.98,82.99,4.7
christchurch,88.0,NZ,1592842944.0,100.0,-43.53,172.63,45.0,2.24
falam,79.0,MM,1592842982.0,100.0,22.92,93.68,62.82,3.44
kangaatsiaq,0.0,GL,1592842908.0,75.0,68.31,-53.46,40.42,10.98
new iberia,75.0,US,1592842954.0,83.0,30.0,-91.82,82.4,3.36
omsukchan,86.0,RU,1592842982.0,57.0,62.53,155.8,60.06,1.32
strzelce opolskie,98.0,PL,1592842982.0,97.0,50.51,18.3,66.99,3.0
husavik,90.0,IS,1592842982.0,81.0,66.04,-17.34,51.8,21.92
sola,100.0,VU,1592842982.0,81.0,-13.88,167.55,79.79,9.6
fort nelson,40.0,CA,1592842982.0,59.0,58.81,-122.7,60.8,3.36
moses lake,1.0,US,1592842739.0,45.0,47.13,-119.28,69.8,3.47
tromso,75.0,NO,1592842973.0,58.0,69.65,18.96,55.4,3.36
sabang,100.0,ID,1592842983.0,79.0,5.89,95.32,82.15,26.91
montepuez,92.0,MZ,1592842983.0,68.0,-13.13,39.0,71.01,8.81
novovarshavka,100.0,RU,1592842983.0,76.0,54.17,74.69,60.19,4.83
muhos,4.0,FI,1592842983.0,41.0,64.81,25.99,75.2,14.99
kariba,78.0,ZW,1592842744.0,56.0,-16.52,28.8,65.66,3.78
shingu,94.0,JP,1592842983.0,83.0,33.73,135.98,68.11,4.99
college,90.0,US,1592842983.0,87.0,64.86,-147.8,51.8,5.82
sibut,54.0,CF,1592842983.0,81.0,5.72,19.07,80.69,4.23
fort saint james,100.0,CA,1592842984.0,56.0,54.43,-124.25,56.03,5.01
esik,40.0,KZ,1592842984.0,60.0,43.36,77.45,69.8,4.47
bakchar,99.0,RU,1592842984.0,92.0,57.02,82.07,57.2,2.44
ottumwa,90.0,US,1592842863.0,88.0,41.02,-92.41,73.0,9.17
hami,0.0,CN,1592842984.0,17.0,42.8,93.45,78.62,8.03
ishinomaki,100.0,JP,1592842984.0,84.0,38.42,141.3,63.77,15.7
west wendover,1.0,US,1592842918.0,31.0,40.74,-114.07,77.0,8.05
benjamin aceval,0.0,PY,1592842984.0,54.0,-24.97,-57.57,84.2,12.75
gawler,6.0,AU,1592842985.0,92.0,-34.6,138.73,53.01,5.01
sao raimundo nonato,1.0,BR,1592842985.0,32.0,-9.02,-42.7,87.91,11.83
claresholm,1.0,CA,1592842985.0,55.0,50.03,-113.59,66.99,19.46
grass valley,0.0,US,1592842777.0,53.0,39.22,-121.06,79.0,2.89
plettenberg bay,0.0,ZA,1592842937.0,65.0,-34.05,23.37,60.04,0.94
warrensburg,96.0,US,1592842985.0,73.0,38.76,-93.74,75.2,3.36
yichang,100.0,CN,1592842764.0,89.0,30.71,111.28,71.01,2.28
rio gallegos,75.0,AR,1592842985.0,93.0,-51.62,-69.22,42.8,12.75
hazorasp,57.0,UZ,1592842986.0,28.0,41.32,61.07,86.0,6.93
maputo,20.0,MZ,1592842814.0,64.0,-25.97,32.59,73.0,3.36
zomin,69.0,UZ,1592842986.0,20.0,39.96,68.4,85.84,8.77
juneau,90.0,US,1592842986.0,87.0,58.3,-134.42,52.0,2.44
shenzhen,45.0,CN,1592842986.0,92.0,22.55,114.07,87.01,8.3
virpur,48.0,IN,1592842986.0,54.0,23.18,73.48,90.39,17.2
moree,75.0,AU,1592842986.0,81.0,-29.47,149.85,46.4,4.7
deer lake,90.0,CA,1592842986.0,64.0,49.17,-57.43,68.0,5.82
ca mau,100.0,VN,1592842911.0,88.0,9.18,105.15,79.54,2.98
porto belo,0.0,BR,1592842986.0,73.0,-27.16,-48.55,79.0,6.93
thinadhoo,97.0,MV,1592842992.0,70.0,0.53,72.93,84.63,9.51
sosnytsya,68.0,UA,1592842992.0,84.0,51.52,32.5,73.56,8.84
khorramshahr,0.0,IR,1592842992.0,24.0,30.44,48.17,100.4,16.11
balagansk,69.0,RU,1592842992.0,61.0,54.01,103.05,62.53,5.61
salta,75.0,AR,1592842992.0,68.0,-24.79,-65.41,64.4,2.24
dargaville,11.0,NZ,1592842992.0,90.0,-35.93,173.88,55.49,7.99
swift current,1.0,CA,1592842962.0,55.0,50.28,-107.8,62.6,5.82
gwembe,45.0,ZM,1592842993.0,51.0,-16.5,27.61,58.3,4.68
ocampo,21.0,MX,1592842993.0,44.0,21.65,-101.5,71.37,3.02
rocha,100.0,UY,1592842993.0,81.0,-34.48,-54.33,59.2,8.08
port augusta,1.0,AU,1592842993.0,93.0,-32.5,137.77,42.8,5.82
basco,100.0,PH,1592842994.0,81.0,20.45,121.97,85.01,10.76
maniitsoq,10.0,GL,1592842994.0,73.0,65.42,-52.9,45.14,13.27
fallon,1.0,US,1592842994.0,27.0,39.47,-118.78,81.0,6.93
sulangan,86.0,PH,1592842994.0,76.0,11.14,123.72,84.42,7.14
barcelos,25.0,PT,1592842820.0,45.0,41.54,-8.62,93.99,16.11
chimoio,20.0,MZ,1592842994.0,59.0,-19.12,33.48,66.0,3.36
izazi,20.0,TZ,1592842994.0,40.0,-7.2,35.73,73.4,11.41
scarborough,38.0,GB,1592842994.0,60.0,54.28,-0.4,70.0,4.0
sakakah,0.0,SA,1592842995.0,9.0,29.97,40.21,100.4,12.75
praia da vitoria,40.0,PT,1592842995.0,64.0,38.73,-27.07,75.2,16.49
kidal,61.0,ML,1592842995.0,8.0,18.44,1.41,107.76,5.14
peniche,0.0,PT,1592842995.0,63.0,39.36,-9.38,84.99,11.01
am timan,34.0,TD,1592842995.0,30.0,11.03,20.28,95.77,3.71
canutama,8.0,BR,1592842995.0,43.0,-6.53,-64.38,92.48,4.7
kununurra,0.0,AU,1592842995.0,27.0,-15.77,128.73,69.8,8.05
wajir,75.0,KE,1592842995.0,32.0,1.75,40.06,93.2,4.7
manga,20.0,BF,1592842996.0,25.0,11.66,-1.07,100.26,8.57
hailar,100.0,CN,1592842996.0,87.0,49.2,119.7,55.58,12.19
houma,40.0,US,1592842888.0,94.0,29.6,-90.72,72.0,5.82
plouzane,0.0,FR,1592842996.0,64.0,48.38,-4.62,69.8,13.87
san patricio,75.0,MX,1592842996.0,62.0,19.22,-104.7,89.6,9.17
port-gentil,90.0,GA,1592842996.0,78.0,-0.72,8.78,78.8,9.17
soria,34.0,ES,1592842996.0,32.0,41.67,-2.67,81.0,4.0
lardos,20.0,GR,1592842996.0,78.0,36.09,28.02,80.01,8.05
zhigansk,35.0,RU,1592842996.0,48.0,66.77,123.37,62.37,5.41
elizabeth city,1.0,US,1592842997.0,66.0,36.29,-76.25,90.0,5.82
rio brilhante,0.0,BR,1592842997.0,37.0,-21.8,-54.55,85.8,8.48
whitehorse,75.0,CA,1592842997.0,53.0,60.72,-135.05,50.0,6.93
ixtapa,5.0,MX,1592842997.0,58.0,20.7,-105.2,87.8,3.09
anadyr,98.0,RU,1592842933.0,82.0,64.75,177.48,60.8,4.47
banda aceh,100.0,ID,1592842997.0,81.0,5.56,95.32,79.25,17.0
itarema,0.0,BR,1592842997.0,60.0,-2.92,-39.92,85.35,11.16
